-- phpMyAdmin SQL Dump
-- version 5.2.0
-- https://www.phpmyadmin.net/
--
-- Host: 127.0.0.1
-- Generation Time: Sep 18, 2022 at 10:49 AM
-- Server version: 10.4.24-MariaDB
-- PHP Version: 7.4.29

SET SQL_MODE = "NO_AUTO_VALUE_ON_ZERO";
START TRANSACTION;
SET time_zone = "+00:00";


/*!40101 SET @OLD_CHARACTER_SET_CLIENT=@@CHARACTER_SET_CLIENT */;
/*!40101 SET @OLD_CHARACTER_SET_RESULTS=@@CHARACTER_SET_RESULTS */;
/*!40101 SET @OLD_COLLATION_CONNECTION=@@COLLATION_CONNECTION */;
/*!40101 SET NAMES utf8mb4 */;

--
-- Database: `eproject`
--

-- --------------------------------------------------------

--
-- Table structure for table `attendance`
--

CREATE TABLE `attendance` (
  `id` int(11) NOT NULL,
  `booking_id` int(11) DEFAULT NULL,
  `attendance1` varchar(5) DEFAULT NULL,
  `attendance2` varchar(5) DEFAULT NULL,
  `note` text DEFAULT NULL
) ENGINE=InnoDB DEFAULT CHARSET=utf8mb4;

-- --------------------------------------------------------

--
-- Table structure for table `booking`
--

CREATE TABLE `booking` (
  `id` int(11) NOT NULL,
  `schedule_id` int(11) DEFAULT NULL,
  `begin_time` datetime DEFAULT NULL,
  `end_time` datetime DEFAULT NULL,
  `note` text DEFAULT NULL
) ENGINE=InnoDB DEFAULT CHARSET=utf8mb4;

-- --------------------------------------------------------

--
-- Table structure for table `class`
--

CREATE TABLE `class` (
  `id` int(11) NOT NULL,
  `name` varchar(10) DEFAULT NULL,
  `n_std` int(11) DEFAULT NULL,
  `staff_id` int(11) DEFAULT NULL
) ENGINE=InnoDB DEFAULT CHARSET=utf8mb4;

--
-- Dumping data for table `class`
--

INSERT INTO `class` (`id`, `name`, `n_std`, `staff_id`) VALUES
(1, 'C2108', 10, 9),
(2, 'C2010', 10, 10),
(3, 'C2022', 10, 11),
(4, 'C2111', 10, 12);

-- --------------------------------------------------------

--
-- Table structure for table `mark`
--

CREATE TABLE `mark` (
  `id` int(11) NOT NULL,
  `subject_id` int(11) DEFAULT NULL,
  `student_rollno` varchar(16) DEFAULT NULL,
  `mark_t1` int(11) DEFAULT NULL,
  `mark_p1` int(11) DEFAULT NULL,
  `create_at1` date DEFAULT NULL,
  `mark_t2` int(11) DEFAULT NULL,
  `mark_p2` int(11) DEFAULT NULL,
  `create_at2` date DEFAULT NULL
) ENGINE=InnoDB DEFAULT CHARSET=utf8mb4;

--
-- Dumping data for table `mark`
--

INSERT INTO `mark` (`id`, `subject_id`, `student_rollno`, `mark_t1`, `mark_p1`, `create_at1`, `mark_t2`, `mark_p2`, `create_at2`) VALUES
(1, 1, 'HS0001', 18, 12, '2019-06-30', 0, 20, '0000-00-00'),
(2, 1, 'HS0005', 3, 15, '2019-06-30', 8, 0, '0000-00-00'),
(3, 1, 'HS0010', 15, 0, '2019-06-30', 0, 8, '0000-00-00'),
(4, 1, 'HS0020', 17, 19, '2019-06-30', 19, 11, '0000-00-00'),
(5, 1, 'HS0022', 5, 8, '2019-06-30', 12, 0, '0000-00-00'),
(6, 1, 'HS0027', 17, 17, '2019-06-30', 0, 0, '0000-00-00'),
(7, 1, 'HS0030', 5, 12, '2019-06-30', 18, 0, '0000-00-00'),
(8, 1, 'HS0032', 0, 10, '2019-06-30', 1, 0, '0000-00-00'),
(9, 1, 'HS0035', 16, 20, '2019-06-30', 0, 0, '0000-00-00'),
(10, 1, 'HS0037', 14, 12, '2019-06-30', 0, 0, '0000-00-00'),
(11, 2, 'HS0002', 13, 2, '2019-06-30', 0, 6, '0000-00-00'),
(12, 2, 'HS0006', 18, 20, '2019-06-30', 0, 0, '0000-00-00'),
(13, 2, 'HS0008', 10, 19, '2019-06-30', 15, 0, '0000-00-00'),
(14, 2, 'HS0011', 12, 5, '2019-06-30', 0, 18, '0000-00-00'),
(15, 2, 'HS0017', 11, 13, '2019-06-30', 0, 0, '0000-00-00'),
(16, 2, 'HS0023', 8, 11, '2019-06-30', 0, 0, '0000-00-00'),
(17, 2, 'HS0024', 0, 15, '2019-06-30', 9, 0, '0000-00-00'),
(18, 2, 'HS0029', 2, 7, '2019-06-30', 0, 2, '0000-00-00'),
(19, 2, 'HS0036', 0, 20, '2019-06-30', 18, 0, '0000-00-00'),
(20, 2, 'HS0039', 7, 11, '2019-06-30', 10, 0, '0000-00-00'),
(21, 1, 'HS0005', 12, 3, '2019-06-30', 0, 8, '0000-00-00'),
(22, 1, 'HS0009', 12, 13, '2019-06-30', 15, 17, '0000-00-00'),
(23, 1, 'HS0012', 16, 14, '2019-06-30', 0, 0, '0000-00-00'),
(24, 1, 'HS0013', 12, 3, '2019-06-30', 0, 10, '0000-00-00'),
(25, 1, 'HS0015', 5, 8, '2019-06-30', 17, 13, '0000-00-00'),
(26, 1, 'HS0018', 7, 16, '2019-06-30', 10, 0, '0000-00-00'),
(27, 1, 'HS0021', 2, 9, '2019-06-30', 12, 20, '0000-00-00'),
(28, 1, 'HS0031', 6, 5, '2019-06-30', 7, 7, '0000-00-00'),
(29, 1, 'HS0033', 0, 11, '2019-06-30', 12, 14, '0000-00-00'),
(30, 1, 'HS0038', 12, 1, '2019-06-30', 0, 12, '0000-00-00'),
(31, 2, 'HS0003', 15, 12, '2019-06-30', 0, 0, '0000-00-00'),
(32, 2, 'HS0007', 12, 15, '2019-06-30', 0, 0, '0000-00-00'),
(33, 2, 'HS0014', 10, 16, '2019-06-30', 0, 0, '0000-00-00'),
(34, 2, 'HS0016', 6, 11, '2019-06-30', 8, 0, '0000-00-00'),
(35, 2, 'HS0019', 16, 10, '2019-06-30', 0, 0, '0000-00-00'),
(36, 2, 'HS0025', 1, 0, '2019-06-30', 12, 5, '0000-00-00'),
(37, 2, 'HS0026', 2, 1, '2019-06-30', 8, 10, '0000-00-00'),
(38, 2, 'HS0028', 11, 5, '2019-06-30', 19, 16, '0000-00-00'),
(39, 2, 'HS0034', 14, 20, '2019-06-30', 0, 0, '0000-00-00'),
(40, 2, 'HS0040', 16, 5, '2019-06-30', 0, 14, '0000-00-00'),
(41, 1, 'HS0002', 19, 14, '2019-12-30', 0, 18, '0000-00-00'),
(42, 1, 'HS0006', 8, 8, '2019-12-30', 0, 0, '0000-00-00'),
(43, 1, 'HS0008', 8, 5, '2019-12-30', 6, 0, '0000-00-00'),
(44, 1, 'HS0011', 20, 18, '2019-12-30', 0, 0, '0000-00-00'),
(45, 1, 'HS0017', 18, 9, '2019-12-30', 0, 14, '0000-00-00'),
(46, 1, 'HS0023', 19, 8, '2019-12-30', 0, 18, '0000-00-00'),
(47, 1, 'HS0024', 5, 0, '2019-12-30', 8, 12, '0000-00-00'),
(48, 1, 'HS0029', 11, 11, '2019-12-30', 0, 0, '0000-00-00'),
(49, 1, 'HS0036', 12, 7, '2019-12-30', 0, 14, '0000-00-00'),
(50, 1, 'HS0039', 11, 17, '2019-12-30', 18, 20, '0000-00-00'),
(51, 2, 'HS0001', 11, 6, '2019-12-30', 0, 8, '0000-00-00'),
(52, 2, 'HS0005', 13, 2, '2019-12-30', 3, 20, '0000-00-00'),
(53, 2, 'HS0010', 1, 2, '2019-12-30', 6, 11, '0000-00-00'),
(54, 2, 'HS0020', 15, 2, '2019-12-30', 17, 10, '0000-00-00'),
(55, 2, 'HS0022', 0, 8, '2019-12-30', 2, 0, '0000-00-00'),
(56, 2, 'HS0027', 7, 3, '2019-12-30', 8, 11, '0000-00-00'),
(57, 2, 'HS0030', 12, 15, '2019-12-30', 0, 0, '0000-00-00'),
(58, 2, 'HS0032', 19, 18, '2019-12-30', 0, 0, '0000-00-00'),
(59, 2, 'HS0035', 15, 16, '2019-12-30', 0, 0, '0000-00-00'),
(60, 2, 'HS0037', 17, 18, '2019-12-30', 0, 0, '0000-00-00'),
(61, 1, 'HS0003', 11, 12, '2019-12-30', 0, 0, '0000-00-00'),
(62, 1, 'HS0007', 8, 6, '2019-12-30', 11, 10, '0000-00-00'),
(63, 1, 'HS0014', 11, 2, '2019-12-30', 16, 8, '0000-00-00'),
(64, 1, 'HS0016', 0, 0, '2019-12-30', 2, 10, '0000-00-00'),
(65, 1, 'HS0019', 6, 17, '2019-12-30', 10, 0, '0000-00-00'),
(66, 1, 'HS0025', 18, 19, '2019-12-30', 0, 0, '0000-00-00'),
(67, 1, 'HS0026', 10, 15, '2019-12-30', 0, 0, '0000-00-00'),
(68, 1, 'HS0028', 20, 19, '2019-12-30', 0, 0, '0000-00-00'),
(69, 1, 'HS0034', 2, 19, '2019-12-30', 16, 0, '0000-00-00'),
(70, 1, 'HS0040', 2, 2, '2019-12-30', 6, 7, '0000-00-00'),
(71, 2, 'HS0005', 6, 7, '2019-12-30', 9, 13, '0000-00-00'),
(72, 2, 'HS0009', 11, 15, '2019-12-30', 20, 0, '0000-00-00'),
(73, 2, 'HS0012', 6, 0, '2019-12-30', 8, 8, '0000-00-00'),
(74, 2, 'HS0013', 14, 15, '2019-12-30', 0, 0, '0000-00-00'),
(75, 2, 'HS0015', 17, 12, '2019-12-30', 0, 0, '0000-00-00'),
(76, 2, 'HS0018', 18, 14, '2019-12-30', 0, 0, '0000-00-00'),
(77, 2, 'HS0021', 10, 12, '2019-12-30', 0, 0, '0000-00-00'),
(78, 2, 'HS0031', 8, 14, '2019-12-30', 0, 0, '0000-00-00'),
(79, 2, 'HS0033', 8, 12, '2019-12-30', 0, 0, '0000-00-00'),
(80, 2, 'HS0038', 16, 18, '2019-12-30', 0, 0, '0000-00-00'),
(81, 3, 'HS0001', 17, 16, '2020-06-28', 0, 0, '0000-00-00'),
(82, 3, 'HS0005', 7, 0, '2020-06-28', 12, 4, '0000-00-00'),
(83, 3, 'HS0010', 12, 18, '2020-06-28', 0, 0, '0000-00-00'),
(84, 3, 'HS0020', 6, 15, '2020-06-28', 8, 0, '0000-00-00'),
(85, 3, 'HS0022', 8, 13, '2020-06-28', 16, 0, '0000-00-00'),
(86, 3, 'HS0027', 7, 0, '2020-06-28', 5, 6, '0000-00-00'),
(87, 3, 'HS0030', 0, 6, '2020-06-28', 4, 3, '0000-00-00'),
(88, 3, 'HS0032', 12, 20, '2020-06-28', 0, 0, '0000-00-00'),
(89, 3, 'HS0035', 16, 12, '2020-06-28', 0, 0, '0000-00-00'),
(90, 3, 'HS0037', 7, 9, '2020-06-28', 16, 17, '0000-00-00'),
(91, 3, 'HS0002', 16, 19, '2020-06-28', 0, 0, '0000-00-00'),
(92, 3, 'HS0006', 10, 11, '2020-06-28', 0, 0, '0000-00-00'),
(93, 3, 'HS0008', 15, 13, '2020-06-28', 0, 0, '0000-00-00'),
(94, 3, 'HS0011', 12, 11, '2020-06-28', 0, 0, '0000-00-00'),
(95, 3, 'HS0017', 6, 5, '2020-06-28', 8, 13, '0000-00-00'),
(96, 3, 'HS0023', 2, 14, '2020-06-28', 15, 0, '0000-00-00'),
(97, 3, 'HS0024', 11, 20, '2020-06-28', 0, 0, '0000-00-00'),
(98, 3, 'HS0029', 17, 13, '2020-06-28', 0, 0, '0000-00-00'),
(99, 3, 'HS0036', 20, 16, '2020-06-28', 0, 0, '0000-00-00'),
(100, 3, 'HS0039', 20, 20, '2020-06-28', 0, 0, '0000-00-00'),
(101, 4, 'HS0005', 15, 5, '2020-06-28', 0, 10, '0000-00-00'),
(102, 4, 'HS0009', 17, 1, '2020-06-28', 0, 11, '0000-00-00'),
(103, 4, 'HS0012', 18, 7, '2020-06-28', 0, 14, '0000-00-00'),
(104, 4, 'HS0013', 20, 20, '2020-06-28', 0, 0, '0000-00-00'),
(105, 4, 'HS0015', 20, 19, '2020-06-28', 0, 0, '0000-00-00'),
(106, 4, 'HS0018', 14, 14, '2020-06-28', 0, 0, '0000-00-00'),
(107, 4, 'HS0021', 6, 3, '2020-06-28', 8, 9, '0000-00-00'),
(108, 4, 'HS0031', 4, 17, '2020-06-28', 12, 0, '0000-00-00'),
(109, 4, 'HS0033', 14, 17, '2020-06-28', 0, 0, '0000-00-00'),
(110, 4, 'HS0038', 14, 14, '2020-06-28', 0, 0, '0000-00-00'),
(111, 4, 'HS0003', 6, 2, '2020-06-28', 4, 4, '0000-00-00'),
(112, 4, 'HS0007', 20, 17, '2020-06-28', 0, 0, '0000-00-00'),
(113, 4, 'HS0014', 19, 15, '2020-06-28', 0, 0, '0000-00-00'),
(114, 4, 'HS0016', 12, 13, '2020-06-28', 0, 0, '0000-00-00'),
(115, 4, 'HS0019', 16, 15, '2020-06-28', 0, 0, '0000-00-00'),
(116, 4, 'HS0025', 17, 9, '2020-06-28', 0, 0, '0000-00-00'),
(117, 4, 'HS0026', 7, 0, '2020-06-28', 3, 2, '0000-00-00'),
(118, 4, 'HS0028', 10, 8, '2020-06-28', 0, 0, '0000-00-00'),
(119, 4, 'HS0034', 5, 10, '2020-06-28', 16, 0, '0000-00-00'),
(120, 4, 'HS0040', 6, 1, '2020-06-28', 14, 12, '0000-00-00'),
(121, 4, 'HS0001', 0, 1, '2020-12-30', 10, 19, '0000-00-00'),
(122, 4, 'HS0005', 17, 1, '2020-12-30', 0, 16, '0000-00-00'),
(123, 4, 'HS0010', 17, 18, '2020-12-30', 0, 0, '0000-00-00'),
(124, 4, 'HS0020', 13, 0, '2020-12-30', 0, 13, '0000-00-00'),
(125, 4, 'HS0022', 4, 0, '2020-12-30', 2, 12, '0000-00-00'),
(126, 4, 'HS0027', 19, 18, '2020-12-30', 0, 0, '0000-00-00'),
(127, 4, 'HS0030', 10, 5, '2020-12-30', 0, 18, '0000-00-00'),
(128, 4, 'HS0032', 9, 18, '2020-12-30', 0, 0, '0000-00-00'),
(129, 4, 'HS0035', 0, 0, '2020-12-30', 20, 13, '0000-00-00'),
(130, 4, 'HS0037', 15, 16, '2020-12-30', 0, 0, '0000-00-00'),
(131, 4, 'HS0002', 4, 4, '2020-12-30', 10, 19, '0000-00-00'),
(132, 4, 'HS0006', 3, 5, '2020-12-30', 7, 9, '0000-00-00'),
(133, 4, 'HS0008', 19, 15, '2020-12-30', 0, 0, '0000-00-00'),
(134, 4, 'HS0011', 19, 16, '2020-12-30', 0, 0, '0000-00-00'),
(135, 4, 'HS0017', 4, 0, '2020-12-30', 7, 7, '0000-00-00'),
(136, 4, 'HS0023', 14, 16, '2020-12-30', 0, 0, '0000-00-00'),
(137, 4, 'HS0024', 18, 20, '2020-12-30', 0, 0, '0000-00-00'),
(138, 4, 'HS0029', 0, 3, '2020-12-30', 10, 20, '0000-00-00'),
(139, 4, 'HS0036', 0, 0, '2020-12-30', 6, 6, '0000-00-00'),
(140, 4, 'HS0039', 16, 18, '2020-12-30', 0, 0, '0000-00-00'),
(141, 3, 'HS0005', 0, 2, '2020-12-30', 12, 11, '0000-00-00'),
(142, 3, 'HS0009', 15, 7, '2020-12-30', 0, 11, '0000-00-00'),
(143, 3, 'HS0012', 18, 14, '2020-12-30', 0, 0, '0000-00-00'),
(144, 3, 'HS0013', 10, 12, '2020-12-30', 0, 0, '0000-00-00'),
(145, 3, 'HS0015', 14, 15, '2020-12-30', 0, 0, '0000-00-00'),
(146, 3, 'HS0018', 9, 12, '2020-12-30', 0, 0, '0000-00-00'),
(147, 3, 'HS0021', 17, 20, '2020-12-30', 0, 0, '0000-00-00'),
(148, 3, 'HS0031', 0, 11, '2020-12-30', 18, 0, '0000-00-00'),
(149, 3, 'HS0033', 15, 17, '2020-12-30', 0, 0, '0000-00-00'),
(150, 3, 'HS0038', 8, 9, '2020-12-30', 18, 20, '0000-00-00'),
(151, 3, 'HS0003', 2, 1, '2020-12-30', 10, 10, '0000-00-00'),
(152, 3, 'HS0007', 4, 6, '2020-12-30', 10, 13, '0000-00-00'),
(153, 3, 'HS0014', 15, 15, '2020-12-30', 0, 0, '0000-00-00'),
(154, 3, 'HS0016', 1, 3, '2020-12-30', 2, 6, '0000-00-00'),
(155, 3, 'HS0019', 9, 16, '2020-12-30', 0, 0, '0000-00-00'),
(156, 3, 'HS0025', 5, 2, '2020-12-30', 10, 10, '0000-00-00'),
(157, 3, 'HS0026', 13, 4, '2020-12-30', 0, 8, '0000-00-00'),
(158, 3, 'HS0028', 11, 15, '2020-12-30', 0, 0, '0000-00-00'),
(159, 3, 'HS0034', 12, 4, '2020-12-30', 0, 12, '0000-00-00'),
(160, 3, 'HS0040', 2, 0, '2020-12-30', 0, 1, '0000-00-00'),
(161, 5, 'HS0001', 10, 9, '2021-06-25', 18, 18, '0000-00-00'),
(162, 5, 'HS0005', 3, 0, '2021-06-25', 2, 1, '0000-00-00'),
(163, 5, 'HS0010', 14, 6, '2021-06-25', 17, 16, '0000-00-00'),
(164, 5, 'HS0020', 10, 12, '2021-06-25', 18, 0, '0000-00-00'),
(165, 5, 'HS0022', 5, 12, '2021-06-25', 16, 16, '0000-00-00'),
(166, 5, 'HS0027', 16, 12, '2021-06-25', 0, 20, '0000-00-00'),
(167, 5, 'HS0030', 16, 19, '2021-06-25', 0, 0, '0000-00-00'),
(168, 5, 'HS0032', 1, 0, '2021-06-25', 19, 8, '0000-00-00'),
(169, 5, 'HS0035', 17, 11, '2021-06-25', 0, 0, '0000-00-00'),
(170, 5, 'HS0037', 5, 3, '2021-06-25', 11, 2, '0000-00-00'),
(171, 5, 'HS0002', 12, 3, '2021-06-25', 0, 9, '0000-00-00'),
(172, 5, 'HS0006', 1, 4, '2021-06-25', 0, 2, '0000-00-00'),
(173, 5, 'HS0008', 11, 1, '2021-06-25', 0, 8, '0000-00-00'),
(174, 5, 'HS0011', 0, 9, '2021-06-25', 9, 0, '0000-00-00'),
(175, 5, 'HS0017', 15, 18, '2021-06-25', 0, 0, '0000-00-00'),
(176, 5, 'HS0023', 8, 14, '2021-06-25', 0, 0, '0000-00-00'),
(177, 5, 'HS0024', 9, 14, '2021-06-25', 0, 0, '0000-00-00'),
(178, 5, 'HS0029', 12, 12, '2021-06-25', 0, 0, '0000-00-00'),
(179, 5, 'HS0036', 15, 7, '2021-06-25', 0, 9, '0000-00-00'),
(180, 5, 'HS0039', 19, 6, '2021-06-25', 0, 11, '0000-00-00'),
(181, 6, 'HS0005', 14, 14, '2021-06-25', 0, 0, '0000-00-00'),
(182, 6, 'HS0009', 7, 9, '2021-06-25', 8, 0, '0000-00-00'),
(183, 6, 'HS0012', 17, 20, '2021-06-25', 0, 0, '0000-00-00'),
(184, 6, 'HS0013', 12, 12, '2021-06-25', 0, 0, '0000-00-00'),
(185, 6, 'HS0015', 17, 10, '2021-06-25', 0, 0, '0000-00-00'),
(186, 6, 'HS0018', 16, 10, '2021-06-25', 0, 0, '0000-00-00'),
(187, 6, 'HS0021', 14, 11, '2021-06-25', 0, 0, '0000-00-00'),
(188, 6, 'HS0031', 9, 3, '2021-06-25', 0, 8, '0000-00-00'),
(189, 6, 'HS0033', 8, 3, '2021-06-25', 0, 8, '0000-00-00'),
(190, 6, 'HS0038', 0, 17, '2021-06-25', 11, 0, '0000-00-00'),
(191, 6, 'HS0003', 9, 15, '2021-06-25', 0, 0, '0000-00-00'),
(192, 6, 'HS0007', 7, 4, '2021-06-25', 6, 11, '0000-00-00'),
(193, 6, 'HS0014', 5, 17, '2021-06-25', 16, 0, '0000-00-00'),
(194, 6, 'HS0016', 8, 19, '2021-06-25', 0, 0, '0000-00-00'),
(195, 6, 'HS0019', 14, 4, '2021-06-25', 0, 10, '0000-00-00'),
(196, 6, 'HS0025', 19, 6, '2021-06-25', 0, 11, '0000-00-00'),
(197, 6, 'HS0026', 1, 0, '2021-06-25', 11, 6, '0000-00-00'),
(198, 6, 'HS0028', 0, 14, '2021-06-25', 8, 0, '0000-00-00'),
(199, 6, 'HS0034', 17, 11, '2021-06-25', 0, 0, '0000-00-00'),
(200, 6, 'HS0040', 17, 14, '2021-06-25', 0, 0, '0000-00-00'),
(201, 6, 'HS0001', 20, 8, '2021-12-29', 0, 0, '0000-00-00'),
(202, 6, 'HS0005', 3, 11, '2021-12-29', 9, 0, '0000-00-00'),
(203, 6, 'HS0010', 13, 17, '2021-12-29', 0, 0, '0000-00-00'),
(204, 6, 'HS0020', 5, 3, '2021-12-29', 8, 11, '0000-00-00'),
(205, 6, 'HS0022', 17, 11, '2021-12-29', 0, 0, '0000-00-00'),
(206, 6, 'HS0027', 9, 14, '2021-12-29', 0, 0, '0000-00-00'),
(207, 6, 'HS0030', 19, 1, '2021-12-29', 0, 20, '0000-00-00'),
(208, 6, 'HS0032', 6, 9, '2021-12-29', 12, 0, '0000-00-00'),
(209, 6, 'HS0035', 5, 4, '2021-12-29', 11, 11, '0000-00-00'),
(210, 6, 'HS0037', 14, 5, '2021-12-29', 0, 11, '0000-00-00'),
(211, 6, 'HS0002', 11, 15, '2021-12-29', 0, 0, '0000-00-00'),
(212, 6, 'HS0006', 7, 5, '2021-12-29', 9, 6, '0000-00-00'),
(213, 6, 'HS0008', 13, 13, '2021-12-29', 0, 0, '0000-00-00'),
(214, 6, 'HS0011', 20, 11, '2021-12-29', 0, 0, '0000-00-00'),
(215, 6, 'HS0017', 4, 15, '2021-12-29', 9, 0, '0000-00-00'),
(216, 6, 'HS0023', 20, 16, '2021-12-29', 0, 0, '0000-00-00'),
(217, 6, 'HS0024', 10, 1, '2021-12-29', 0, 8, '0000-00-00'),
(218, 6, 'HS0029', 11, 0, '2021-12-29', 0, 12, '0000-00-00'),
(219, 6, 'HS0036', 1, 1, '2021-12-29', 19, 11, '0000-00-00'),
(220, 6, 'HS0039', 2, 2, '2021-12-29', 5, 5, '0000-00-00'),
(221, 5, 'HS0005', 9, 14, '2021-12-29', 0, 0, '0000-00-00'),
(222, 5, 'HS0009', 18, 0, '2021-12-29', 0, 11, '0000-00-00'),
(223, 5, 'HS0012', 2, 16, '2021-12-29', 8, 0, '0000-00-00'),
(224, 5, 'HS0013', 9, 13, '2021-12-29', 0, 0, '0000-00-00'),
(225, 5, 'HS0015', 9, 5, '2021-12-29', 0, 14, '0000-00-00'),
(226, 5, 'HS0018', 15, 9, '2021-12-29', 0, 0, '0000-00-00'),
(227, 5, 'HS0021', 3, 14, '2021-12-29', 9, 0, '0000-00-00'),
(228, 5, 'HS0031', 11, 0, '2021-12-29', 0, 5, '0000-00-00'),
(229, 5, 'HS0033', 15, 20, '2021-12-29', 0, 0, '0000-00-00'),
(230, 5, 'HS0038', 7, 10, '2021-12-29', 10, 0, '0000-00-00'),
(231, 5, 'HS0003', 20, 12, '2021-12-29', 0, 0, '0000-00-00'),
(232, 5, 'HS0007', 9, 10, '2021-12-29', 0, 0, '0000-00-00'),
(233, 5, 'HS0014', 13, 0, '2021-12-29', 0, 20, '0000-00-00'),
(234, 5, 'HS0016', 1, 20, '2021-12-29', 8, 0, '0000-00-00'),
(235, 5, 'HS0019', 0, 0, '2021-12-29', 15, 6, '0000-00-00'),
(236, 5, 'HS0025', 3, 5, '2021-12-29', 9, 9, '0000-00-00'),
(237, 5, 'HS0026', 17, 5, '2021-12-29', 0, 8, '0000-00-00'),
(238, 5, 'HS0028', 19, 0, '2021-12-29', 0, 11, '0000-00-00'),
(239, 5, 'HS0034', 18, 0, '2021-12-29', 0, 8, '0000-00-00'),
(240, 5, 'HS0040', 19, 9, '2021-12-29', 0, 0, '0000-00-00'),
(241, 7, 'HS0001', 9, 0, '2022-06-28', 0, 17, '0000-00-00'),
(242, 7, 'HS0005', 10, 4, '2022-06-28', 0, 11, '0000-00-00'),
(243, 7, 'HS0010', 11, 5, '2022-06-28', 0, 8, '0000-00-00'),
(244, 7, 'HS0020', 18, 20, '2022-06-28', 0, 0, '0000-00-00'),
(245, 7, 'HS0022', 19, 9, '2022-06-28', 0, 0, '0000-00-00'),
(246, 7, 'HS0027', 0, 19, '2022-06-28', 10, 0, '0000-00-00'),
(247, 7, 'HS0030', 7, 19, '2022-06-28', 9, 20, '0000-00-00'),
(248, 7, 'HS0032', 13, 4, '2022-06-28', 0, 8, '0000-00-00'),
(249, 7, 'HS0035', 18, 0, '2022-06-28', 0, 8, '0000-00-00'),
(250, 7, 'HS0037', 20, 10, '2022-06-28', 0, 0, '0000-00-00'),
(251, 7, 'HS0002', 13, 3, '2022-06-28', 0, 8, '0000-00-00'),
(252, 7, 'HS0006', 20, 13, '2022-06-28', 0, 0, '0000-00-00'),
(253, 7, 'HS0008', 4, 14, '2022-06-28', 8, 0, '0000-00-00'),
(254, 7, 'HS0011', 0, 8, '2022-06-28', 15, 0, '0000-00-00'),
(255, 7, 'HS0017', 6, 1, '2022-06-28', 14, 8, '0000-00-00'),
(256, 7, 'HS0023', 0, 18, '2022-06-28', 11, 0, '0000-00-00'),
(257, 7, 'HS0024', 11, 11, '2022-06-28', 0, 0, '0000-00-00'),
(258, 7, 'HS0029', 19, 12, '2022-06-28', 0, 0, '0000-00-00'),
(259, 7, 'HS0036', 18, 5, '2022-06-28', 0, 8, '0000-00-00'),
(260, 7, 'HS0039', 12, 20, '2022-06-28', 0, 0, '0000-00-00'),
(261, 7, 'HS0005', 14, 0, '2022-06-28', 0, 14, '0000-00-00'),
(262, 7, 'HS0009', 11, 2, '2022-06-28', 0, 14, '0000-00-00'),
(263, 7, 'HS0012', 0, 2, '2022-06-28', 9, 4, '0000-00-00'),
(264, 7, 'HS0013', 12, 10, '2022-06-28', 0, 0, '0000-00-00'),
(265, 7, 'HS0015', 1, 20, '2022-06-28', 8, 9, '0000-00-00'),
(266, 7, 'HS0018', 13, 7, '2022-06-28', 0, 8, '0000-00-00'),
(267, 7, 'HS0021', 11, 2, '2022-06-28', 0, 6, '0000-00-00'),
(268, 7, 'HS0031', 18, 13, '2022-06-28', 0, 0, '0000-00-00'),
(269, 7, 'HS0033', 3, 7, '2022-06-28', 10, 13, '0000-00-00'),
(270, 7, 'HS0038', 9, 3, '2022-06-28', 0, 9, '0000-00-00'),
(271, 7, 'HS0003', 14, 18, '2022-06-28', 0, 0, '0000-00-00'),
(272, 7, 'HS0007', 12, 7, '2022-06-28', 0, 8, '0000-00-00'),
(273, 7, 'HS0014', 19, 19, '2022-06-28', 0, 0, '0000-00-00'),
(274, 7, 'HS0016', 1, 15, '2022-06-28', 8, 0, '0000-00-00'),
(275, 7, 'HS0019', 0, 3, '2022-06-28', 19, 8, '0000-00-00'),
(276, 7, 'HS0025', 20, 0, '2022-06-28', 0, 17, '0000-00-00'),
(277, 7, 'HS0026', 0, 11, '2022-06-28', 7, 0, '0000-00-00'),
(278, 7, 'HS0028', 3, 12, '2022-06-28', 12, 0, '0000-00-00'),
(279, 7, 'HS0034', 5, 13, '2022-06-28', 10, 0, '0000-00-00'),
(280, 7, 'HS0040', 2, 0, '2022-06-28', 15, 13, '0000-00-00'),
(281, 8, 'HS0001', 13, 18, '2022-12-26', 0, 0, '0000-00-00'),
(282, 8, 'HS0005', 7, 3, '2022-12-26', 8, 8, '0000-00-00'),
(283, 8, 'HS0010', 6, 2, '2022-12-26', 9, 15, '0000-00-00'),
(284, 8, 'HS0020', 8, 5, '2022-12-26', 0, 12, '0000-00-00'),
(285, 8, 'HS0022', 9, 15, '2022-12-26', 0, 9, '0000-00-00'),
(286, 8, 'HS0027', 0, 1, '2022-12-26', 4, 2, '0000-00-00'),
(287, 8, 'HS0030', 8, 0, '2022-12-26', 0, 11, '0000-00-00'),
(288, 8, 'HS0032', 0, 18, '2022-12-26', 10, 0, '0000-00-00'),
(289, 8, 'HS0035', 9, 0, '2022-12-26', 0, 11, '0000-00-00'),
(290, 8, 'HS0037', 5, 9, '2022-12-26', 9, 0, '0000-00-00'),
(291, 8, 'HS0002', 0, 5, '2022-12-26', 13, 12, '0000-00-00'),
(292, 8, 'HS0006', 9, 16, '2022-12-26', 0, 0, '0000-00-00'),
(293, 8, 'HS0008', 0, 11, '2022-12-26', 10, 7, '0000-00-00'),
(294, 8, 'HS0011', 0, 5, '2022-12-26', 5, 6, '0000-00-00'),
(295, 8, 'HS0017', 2, 4, '2022-12-26', 9, 6, '0000-00-00'),
(296, 8, 'HS0023', 17, 0, '2022-12-26', 0, 9, '0000-00-00'),
(297, 8, 'HS0024', 0, 19, '2022-12-26', 8, 0, '0000-00-00'),
(298, 8, 'HS0029', 4, 17, '2022-12-26', 8, 0, '0000-00-00'),
(299, 8, 'HS0036', 2, 20, '2022-12-26', 18, 0, '0000-00-00'),
(300, 8, 'HS0039', 0, 0, '2022-12-26', 8, 9, '0000-00-00'),
(301, 8, 'HS0005', 8, 15, '2022-12-26', 0, 0, '0000-00-00'),
(302, 8, 'HS0009', 14, 10, '2022-12-26', 0, 0, '0000-00-00'),
(303, 8, 'HS0012', 15, 3, '2022-12-26', 0, 9, '0000-00-00'),
(304, 8, 'HS0013', 5, 6, '2022-12-26', 11, 10, '0000-00-00'),
(305, 8, 'HS0015', 15, 1, '2022-12-26', 1, 9, '0000-00-00'),
(306, 8, 'HS0018', 9, 0, '2022-12-26', 0, 13, '0000-00-00'),
(307, 8, 'HS0021', 3, 6, '2022-12-26', 5, 13, '0000-00-00'),
(308, 8, 'HS0031', 2, 19, '2022-12-26', 12, 0, '0000-00-00'),
(309, 8, 'HS0033', 10, 19, '2022-12-26', 0, 0, '0000-00-00'),
(310, 8, 'HS0038', 10, 14, '2022-12-26', 0, 0, '0000-00-00'),
(311, 8, 'HS0003', 3, 4, '2022-12-26', 14, 9, '0000-00-00'),
(312, 8, 'HS0007', 1, 12, '2022-12-26', 6, 0, '0000-00-00'),
(313, 8, 'HS0014', 14, 10, '2022-12-26', 0, 0, '0000-00-00'),
(314, 8, 'HS0016', 10, 9, '2022-12-26', 0, 0, '0000-00-00'),
(315, 8, 'HS0019', 11, 16, '2022-12-26', 0, 0, '0000-00-00'),
(316, 8, 'HS0025', 4, 3, '2022-12-26', 8, 9, '0000-00-00'),
(317, 8, 'HS0026', 2, 18, '2022-12-26', 17, 0, '0000-00-00'),
(318, 8, 'HS0028', 8, 0, '2022-12-26', 0, 10, '0000-00-00'),
(319, 8, 'HS0034', 10, 7, '2022-12-26', 0, 9, '0000-00-00'),
(320, 8, 'HS0040', 8, 6, '2022-12-26', 0, 14, '0000-00-00');

-- --------------------------------------------------------

--
-- Table structure for table `notifications`
--

CREATE TABLE `notifications` (
  `id` int(11) NOT NULL,
  `staff_id` int(11) DEFAULT NULL,
  `content` text DEFAULT NULL,
  `created_at` datetime DEFAULT NULL,
  `updated_at` datetime DEFAULT NULL
) ENGINE=InnoDB DEFAULT CHARSET=utf8mb4;

-- --------------------------------------------------------

--
-- Table structure for table `permission`
--

CREATE TABLE `permission` (
  `id` int(11) NOT NULL,
  `role` varchar(25) DEFAULT NULL
) ENGINE=InnoDB DEFAULT CHARSET=utf8mb4;

--
-- Dumping data for table `permission`
--

INSERT INTO `permission` (`id`, `role`) VALUES
(1, 'principle'),
(2, 'teacher'),
(3, 'hr');

-- --------------------------------------------------------

--
-- Table structure for table `schedule`
--

CREATE TABLE `schedule` (
  `id` int(11) NOT NULL,
  `subject_id` int(11) DEFAULT NULL,
  `class_id` int(11) DEFAULT NULL,
  `start_date` date DEFAULT NULL,
  `end_date` date DEFAULT NULL
) ENGINE=InnoDB DEFAULT CHARSET=utf8mb4;

--
-- Dumping data for table `schedule`
--

INSERT INTO `schedule` (`id`, `subject_id`, `class_id`, `start_date`, `end_date`) VALUES
(1, 1, 1, '2019-01-05', '2019-06-30'),
(2, 1, 2, '2019-01-05', '2019-06-30'),
(3, 2, 3, '2019-01-05', '2019-06-30'),
(4, 2, 4, '2019-01-05', '2019-06-30'),
(5, 2, 1, '2019-07-05', '2019-12-30'),
(6, 2, 2, '2019-07-05', '2019-12-30'),
(7, 1, 3, '2019-07-05', '2019-12-30'),
(8, 1, 4, '2019-07-05', '2019-12-30'),
(9, 3, 1, '2020-01-03', '2020-06-28'),
(10, 3, 2, '2020-01-03', '2020-06-28'),
(11, 4, 3, '2020-01-03', '2020-06-28'),
(12, 4, 4, '2020-01-03', '2020-06-28'),
(13, 4, 1, '2020-07-08', '2020-12-30'),
(14, 4, 2, '2020-07-08', '2020-12-30'),
(15, 3, 3, '2020-07-08', '2020-12-30'),
(16, 3, 4, '2020-07-08', '2020-12-30'),
(17, 5, 1, '2021-01-10', '2021-06-25'),
(18, 5, 2, '2021-01-10', '2021-06-25'),
(19, 5, 3, '2021-01-10', '2021-06-25'),
(20, 5, 4, '2021-01-10', '2021-06-25'),
(21, 6, 1, '2021-07-02', '2021-12-29'),
(22, 6, 2, '2021-07-02', '2021-12-29'),
(23, 6, 3, '2021-07-02', '2021-12-29'),
(24, 6, 4, '2021-07-02', '2021-12-29'),
(25, 7, 1, '2022-01-02', '2022-06-28'),
(26, 7, 2, '2022-01-02', '2022-06-28'),
(27, 7, 3, '2022-01-02', '2022-06-28'),
(28, 7, 4, '2022-01-02', '2022-06-28'),
(29, 8, 1, '2022-07-04', '2022-12-26'),
(30, 8, 2, '2022-07-04', '2022-12-26'),
(31, 8, 3, '2022-07-04', '2022-12-26'),
(32, 8, 4, '2022-07-04', '2022-12-26');

-- --------------------------------------------------------

--
-- Table structure for table `semester`
--

CREATE TABLE `semester` (
  `id` int(11) NOT NULL,
  `semester_no` int(11) DEFAULT NULL,
  `subject_id` int(11) DEFAULT NULL,
  `start_year` date DEFAULT NULL
) ENGINE=InnoDB DEFAULT CHARSET=utf8mb4;

--
-- Dumping data for table `semester`
--

INSERT INTO `semester` (`id`, `semester_no`, `subject_id`, `start_year`) VALUES
(1, 20191, 1, '2019-05-01'),
(2, 20191, 2, '2019-05-01'),
(3, 20192, 1, '2019-05-07'),
(4, 20192, 2, '2019-05-07'),
(5, 20201, 3, '2020-03-01'),
(6, 20201, 4, '2020-03-01'),
(7, 20202, 3, '2020-08-07'),
(8, 20202, 4, '2020-08-07'),
(9, 20211, 5, '2021-10-01'),
(10, 20211, 6, '2021-10-01'),
(11, 20212, 5, '2021-02-07'),
(12, 20212, 6, '2021-02-07'),
(13, 20221, 7, '2022-02-01'),
(14, 20222, 8, '2022-04-07');

-- --------------------------------------------------------

--
-- Table structure for table `staff`
--

CREATE TABLE `staff` (
  `id` int(11) NOT NULL,
  `fullname` varchar(60) NOT NULL,
  `birth` date DEFAULT NULL,
  `phone` varchar(16) DEFAULT NULL,
  `address` varchar(200) DEFAULT NULL,
  `email` varchar(50) DEFAULT NULL,
  `password` varchar(30) DEFAULT NULL,
  `pic` varchar(150) DEFAULT NULL,
  `salary` float DEFAULT NULL,
  `permission_id` int(11) DEFAULT NULL,
  `gender` varchar(10) DEFAULT NULL
) ENGINE=InnoDB DEFAULT CHARSET=utf8mb4;

--
-- Dumping data for table `staff`
--

INSERT INTO `staff` (`id`, `fullname`, `birth`, `phone`, `address`, `email`, `password`, `pic`, `salary`, `permission_id`, `gender`) VALUES
(1, 'Nguyễn Văn Hùng', '1970-03-15', '0988112233', 'Hà Nội', 'hung.nv.00@gmail.com', 'hungnv00', '1', 100000000, 1, 'male'),
(2, 'Nguyễn Văn An', '1975-03-05', '0123458613', 'Nam Định', 'an.nv.01@gmail.com', 'annv01', '1', 30000000, 2, 'male'),
(3, 'Trần Thị Cúc', '1985-12-16', '0991314599', 'Hải Dương', 'cuc.tt.02@gmail.com', 'cuctt02', '1', 28000000, 2, 'female'),
(4, 'Phạm Ánh Dương', '1982-09-05', '0915831146', 'Ninh Bình', 'duong.pa.03@gmail.com', 'duongpa03', '1', 32000000, 2, 'female'),
(5, 'Trần Mạnh Điệp', '1980-02-06', '0921346541', 'Hà Nội', 'diep.tm.04@gmail.com', 'dieptm04', '1', 29000000, 2, 'male'),
(6, 'Hoàng Văn Hiệp', '1978-05-12', '0198793231', 'Hà Nam', 'hiep.hv.05@gmail.com', 'hiephv05', '1', 30000000, 2, 'male'),
(7, 'Nguyễn Minh Hiếu', '1982-10-20', '0125308885', 'Vĩnh Phúc', 'hieu.nm.06@gmail.com', 'hieunm06', '1', 25000000, 2, 'male'),
(8, 'Lê Văn Mạnh', '1978-12-08', '0924813146', 'Hải Dương', 'manh.lv.07@gmail.com', 'manhlv07', '1', 28000000, 2, 'male'),
(9, 'Lương Hồng Mai', '1985-10-10', '0989772316', 'Quảng Ninh', 'mai.lh.08@gmail.com', 'mailh08', '1', 33000000, 2, 'female'),
(10, 'Hà Mạnh Nam', '1980-10-14', '0924124114', 'Phú Thọ', 'nam.hm.09@gmail.com', 'namhm09', '1', 22000000, 3, 'male'),
(11, 'Trần Phương Thảo', '1982-10-03', '0948134877', 'Nam Định', 'thao.tp.10@gmail.com', 'thaotp10', '1', 20000000, 3, 'female'),
(12, 'Phạm Minh Thu', '1988-06-12', '0911514613', 'Hà Nội', 'thu.pm.11@gmail.com', 'thupm11', '1', 25000000, 3, 'female'),
(13, 'Phạm Văn Thành', '1987-10-05', '0915866641', 'Thanh Hóa', 'thanh.pv.12@gmail.com', 'thanhpv12', '1', 18000000, 3, 'male');

-- --------------------------------------------------------

--
-- Table structure for table `status`
--

CREATE TABLE `status` (
  `id` int(11) NOT NULL,
  `description` varchar(20) DEFAULT NULL
) ENGINE=InnoDB DEFAULT CHARSET=utf8mb4;

--
-- Dumping data for table `status`
--

INSERT INTO `status` (`id`, `description`) VALUES
(1, 'studying'),
(2, 'reserved'),
(3, 'suspended'),
(4, 'dropout'),
(5, 'graduated');

-- --------------------------------------------------------

--
-- Table structure for table `students`
--

CREATE TABLE `students` (
  `rollno` varchar(10) NOT NULL,
  `fullname` varchar(60) NOT NULL,
  `birth` date DEFAULT NULL,
  `phone` varchar(16) DEFAULT NULL,
  `address` varchar(200) DEFAULT NULL,
  `email` varchar(50) DEFAULT NULL,
  `password` varchar(30) DEFAULT NULL,
  `pic` varchar(150) DEFAULT NULL,
  `status_id` int(11) DEFAULT NULL,
  `semester_id` int(11) DEFAULT NULL,
  `class_id` int(11) DEFAULT NULL,
  `gender` varchar(10) DEFAULT NULL
) ENGINE=InnoDB DEFAULT CHARSET=utf8mb4;

--
-- Dumping data for table `students`
--

INSERT INTO `students` (`rollno`, `fullname`, `birth`, `phone`, `address`, `email`, `password`, `pic`, `status_id`, `semester_id`, `class_id`, `gender`) VALUES
('HS0001', 'Đặng Văn An', '2002-01-01', '0125344522', 'Hà Nội', 'an.dv0001@gmail.com', 'passandv0001', '1', 1, 1, 1, 'male'),
('HS0002', 'Trần Hữu An', '1999-08-10', '0912311456', 'Hà Nội', 'an.th0002@gmail.com', 'passanth0002', '1', 1, 1, 2, 'male'),
('HS0003', 'Phan Mạnh An', '2002-06-07', '0942633015', 'Nam Định', 'an.pm0003@gmail.com', 'passanpm0003', '1', 1, 1, 4, 'male'),
('HS0004', 'Trần Văn An', '2001-02-01', '0135468123', 'Hà Nam', 'an.tv0004@gmail.com', 'passantv0004', '1', 1, 1, 3, 'male'),
('HS0005', 'Nguyễn Minh Anh', '2002-04-15', '0913458613', 'Hải Phòng', 'anh.nm0005@gmail.com', 'passanhnm0005', '1', 5, 1, 1, 'female'),
('HS0006', 'Nguyễn Đức Anh', '2000-06-06', '0948355622', 'Thanh Hóa', 'anh.nd0006@gmail.com', 'passanhnd0006', '1', 1, 1, 2, 'male'),
('HS0007', 'Trần Văn Bình', '2001-02-06', '0989123486', 'Bắc Ninh', 'binh.tv0007@gmail.com', 'passbinhtv0007', '1', 2, 1, 4, 'male'),
('HS0008', 'Nguyễn Văn Ba', '2000-04-03', '0944157135', 'Quảng Ninh', 'ba.nv0008@gmail.com', 'passbanv0008', '1', 1, 1, 2, 'male'),
('HS0009', 'Nguyễn Thu Cúc', '1999-06-09', '0912584654', 'Vĩnh Phúc', 'cuc.nt0009@gmail.com', 'passcucnt0009', '1', 4, 1, 3, 'female'),
('HS0010', 'Lê Minh Châu', '2002-12-16', '0123584623', 'Lạng Sơn', 'chau.lm0010@gmail.com', 'passchaulm0010', '1', 3, 1, 1, 'female'),
('HS0011', 'Hoàng Văn Dương', '2002-06-22', '0156873251', 'Thái Bình', 'duong.hv0011@gmail.com', 'passduonghv0011', '1', 1, 1, 2, 'male'),
('HS0012', 'Đặng Kim Dung', '2003-01-08', '0133488564', 'Hà Nội', 'dung.dk0012@gmail.com', 'passdungdk0012', '1', 3, 1, 3, 'female'),
('HS0013', 'Trần Trung Đức', '2002-01-30', '0958135483', 'Nam Định', 'duc.tt0013@gmail.com', 'passductt0013', '1', 2, 1, 3, 'male'),
('HS0014', 'Nguyễn Hồng Đức', '2002-11-24', '0964127314', 'Nam Định', 'duc.nh0014@gmail.com', 'passducnh0014', '1', 1, 1, 4, 'male'),
('HS0015', 'Trần Văn Hải', '2002-08-17', '0915486313', 'Hà Nam', 'haitv0015@gmail.com', 'passhaitv0015', '1', 3, 1, 3, 'male'),
('HS0016', 'Nguyễn Thị Hà', '2001-11-12', '0966484868', 'Hà Nội', 'ha.nt0016@gmail.com', 'passhant0016', '1', 5, 1, 4, 'female'),
('HS0017', 'Đặng Hồng Hà', '2002-12-01', '0123486248', 'Nam Định', 'ha.dh0017@gmail.com', 'passhadh0017', '1', 5, 1, 2, 'male'),
('HS0018', 'Lê Hồng Hiệp', '2002-06-03', '0153484651', 'Hải Phòng', 'hiep.lh0018@gmail.com', 'passhieplh0018', '1', 1, 1, 3, 'male'),
('HS0019', 'Trịnh Hoàng Hiệp', '2002-04-08', '0918483212', 'Hà Nội', 'hiep.th0019@gmail.com', 'passhiepth0019', '1', 1, 1, 4, 'male'),
('HS0020', 'Nguyên Văn Hiệp', '2002-06-09', '0977158135', 'Bắc Ninh', 'hiep.nv0020@gmail.com', 'passhiepnv0020', '1', 4, 1, 1, 'male'),
('HS0021', 'Nguyễn Hữu Hiếu', '1998-08-01', '0123486555', 'Nam Định', 'hieu.nh0021@gmail.com', 'passhieunh0021', '1', 1, 1, 3, 'male'),
('HS0022', 'Nguyễn Minh Hiếu', '2001-03-08', '0987561243', 'Nam Định', 'hieu.nm0022@gmail.com', 'passhieunm0022', '1', 1, 1, 1, 'male'),
('HS0023', 'Trần Thị Quỳnh Hương ', '2000-01-03', '0132486548', 'Bắc Ninh', 'huong.ttq0023@gmail.com', 'passhuongttq0023', '1', 1, 1, 2, 'female'),
('HS0024', 'Mai Thu Hường', '2001-05-02', '0132131284', 'Hà Nội', 'huong.mt0024@gmail.com', 'passhuongmt0024', '1', 1, 1, 2, 'female'),
('HS0025', 'Nguyễn Ngọc Khánh', '1999-09-05', '0985346413', 'Hải Phòng', 'khanh.nn0025@gmail.com', 'passkhanhnn0025', '1', 2, 1, 4, 'female'),
('HS0026', 'Đặng Văn Lâm', '2002-02-02', '0123185658', 'Hà Nam', 'lam.dv0026@gmail.com', 'passlamdv0026', '1', 1, 1, 4, 'male'),
('HS0027', 'Mai Khánh Linh', '2001-08-08', '0976445561', 'Bắc Ninh', 'linh.mk0027@gmail.com', 'passlinhmk0027', '1', 2, 1, 1, 'female'),
('HS0028', 'Triệu Văn Long', '1999-11-07', '0123005483', 'Thanh Hóa', 'long.tv0028@gmail.com', 'passlongtv0028', '1', 1, 1, 4, 'male'),
('HS0029', 'Đặng Xuân Mai', '1998-07-15', '0904100086', 'Hà Nội', 'mai.dx0029@gmail.com', 'passmaidx0029', '1', 1, 1, 2, 'female'),
('HS0030', 'Trần Văn Minh', '2001-11-25', '0123486668', 'Hải Phòng', 'minh.tv0030@gmail.com', 'passminhtv0030', '1', 1, 1, 1, 'male'),
('HS0031', 'Đỗ Nhật Tân', '2002-04-06', '0177648524', 'Thanh Hóa', 'tan.dn0031@gmail.com', 'passtandn0031', '1', 5, 1, 3, 'male'),
('HS0032', 'Vũ Thanh Tùng', '2002-02-03', '0975586500', 'Hà Nam', 'tung.vt0032@gmail.com', 'passtungvt0032', '1', 1, 1, 1, 'male'),
('HS0033', 'Mai Thanh Tâm', '2002-08-04', '0136548666', 'Thanh Hóa', 'tan.mt0033@gmail.com', 'passtammt0033', '1', 1, 1, 3, 'female'),
('HS0034', 'Đặng Văn Việt', '2003-03-03', '0974364823', 'Hà Nội', 'viet.dv0034@gmail.com', 'passvietdv0034', '1', 4, 1, 4, 'male'),
('HS0035', 'Trần Đức Văn', '2001-01-07', '0955564812', 'Bắc Ninh', 'van.td0035@gmail.com', 'passvantd0035', '1', 1, 1, 1, 'male'),
('HS0036', 'Hoàng Minh Vương', '2002-03-12', '0123331154', 'Hải Phòng', 'vuong.hm0036@gmail.com', 'passvuonghm0036', '1', 2, 1, 2, 'male'),
('HS0037', 'Vũ Thanh Xuân', '2002-01-01', '0911113486', 'Hà Nội', 'xuan.vt0037@gmail.com', 'passxuanvt0037', '1', 1, 1, 1, 'female'),
('HS0038', 'Đặng Nhật Nam', '2001-06-03', '0115488811', 'Hà Nam', 'nam.dn0038@gmail.com', 'passnamdn0038', '1', 2, 1, 3, 'male'),
('HS0039', 'Tống Trường An', '2002-04-01', '0134566662', 'Hà Nội', 'an.tt0039@gmail.com', 'passantt0039', '1', 1, 1, 2, 'male'),
('HS0040', 'Hồng Thất Công', '2001-03-01', '0131231486', 'Hà Nam', 'hong.tc0040@gmail.com', 'passhongtc0040', '1', 3, 1, 4, 'male');

-- --------------------------------------------------------

--
-- Table structure for table `subclass`
--

CREATE TABLE `subclass` (
  `student_rollno` varchar(10) DEFAULT NULL,
  `class_id` int(11) DEFAULT NULL,
  `update_at` date DEFAULT NULL
) ENGINE=InnoDB DEFAULT CHARSET=utf8mb4;

--
-- Dumping data for table `subclass`
--

INSERT INTO `subclass` (`student_rollno`, `class_id`, `update_at`) VALUES
('HS0001', 1, '2018-12-28'),
('HS0002', 4, '2018-12-28'),
('HS0003', 1, '2018-12-28'),
('HS0004', 1, '2018-12-28'),
('HS0005', 3, '2018-12-28'),
('HS0006', 3, '2018-12-28'),
('HS0007', 2, '2018-12-28'),
('HS0008', 2, '2018-12-28'),
('HS0009', 3, '2018-12-28'),
('HS0010', 1, '2018-12-28'),
('HS0011', 2, '2018-12-28'),
('HS0012', 3, '2018-12-28'),
('HS0013', 3, '2018-12-28'),
('HS0014', 4, '2018-12-28'),
('HS0015', 3, '2018-12-28'),
('HS0016', 4, '2018-12-28'),
('HS0017', 2, '2018-12-28'),
('HS0018', 2, '2018-12-28'),
('HS0019', 1, '2018-12-28'),
('HS0020', 4, '2018-12-28'),
('HS0021', 2, '2018-12-28'),
('HS0022', 4, '2018-12-28'),
('HS0023', 3, '2018-12-28'),
('HS0024', 2, '2018-12-28'),
('HS0025', 4, '2018-12-28'),
('HS0026', 4, '2018-12-28'),
('HS0027', 1, '2018-12-28'),
('HS0028', 4, '2018-12-28'),
('HS0029', 2, '2018-12-28'),
('HS0030', 1, '2018-12-28'),
('HS0031', 3, '2018-12-28'),
('HS0032', 1, '2018-12-28'),
('HS0033', 3, '2018-12-28'),
('HS0034', 4, '2018-12-28'),
('HS0035', 1, '2018-12-28'),
('HS0036', 2, '2018-12-28'),
('HS0037', 1, '2018-12-28'),
('HS0038', 3, '2018-12-28'),
('HS0039', 2, '2018-12-28'),
('HS0040', 4, '2018-12-28'),
('HS0002', 2, '2019-12-26'),
('HS0003', 4, '2019-12-26'),
('HS0004', 3, '2019-12-26'),
('HS0005', 1, '2019-12-26'),
('HS0006', 2, '2019-07-04'),
('HS0007', 4, '2019-07-04'),
('HS0018', 3, '2020-01-03'),
('HS0019', 4, '2020-06-29'),
('HS0020', 1, '2020-06-29'),
('HS0021', 3, '2020-06-29'),
('HS0022', 1, '2021-01-03'),
('HS0023', 2, '2021-01-03');

-- --------------------------------------------------------

--
-- Table structure for table `subject`
--

CREATE TABLE `subject` (
  `id` int(11) NOT NULL,
  `name` varchar(60) DEFAULT NULL,
  `session` int(11) DEFAULT NULL,
  `staff_id` int(11) DEFAULT NULL
) ENGINE=InnoDB DEFAULT CHARSET=utf8mb4;

--
-- Dumping data for table `subject`
--

INSERT INTO `subject` (`id`, `name`, `session`, `staff_id`) VALUES
(1, 'HTML/CSS/JS', 8, 1),
(2, 'AngularJS', 8, 2),
(3, 'PHP', 8, 3),
(4, 'Java1', 8, 4),
(5, 'Java2', 8, 5),
(6, 'C#', 8, 6),
(7, 'C++', 8, 7),
(8, 'Project', 8, 8);

--
-- Indexes for dumped tables
--

--
-- Indexes for table `attendance`
--
ALTER TABLE `attendance`
  ADD PRIMARY KEY (`id`),
  ADD KEY `booking_id` (`booking_id`);

--
-- Indexes for table `booking`
--
ALTER TABLE `booking`
  ADD PRIMARY KEY (`id`),
  ADD KEY `schedule_id` (`schedule_id`);

--
-- Indexes for table `class`
--
ALTER TABLE `class`
  ADD PRIMARY KEY (`id`),
  ADD UNIQUE KEY `name` (`name`),
  ADD KEY `staff_id` (`staff_id`);

--
-- Indexes for table `mark`
--
ALTER TABLE `mark`
  ADD PRIMARY KEY (`id`),
  ADD KEY `mark_ibfk_1` (`student_rollno`),
  ADD KEY `mark_ibfk_2` (`subject_id`);

--
-- Indexes for table `notifications`
--
ALTER TABLE `notifications`
  ADD PRIMARY KEY (`id`),
  ADD KEY `staff_id` (`staff_id`);

--
-- Indexes for table `permission`
--
ALTER TABLE `permission`
  ADD PRIMARY KEY (`id`);

--
-- Indexes for table `schedule`
--
ALTER TABLE `schedule`
  ADD PRIMARY KEY (`id`),
  ADD KEY `subject_id` (`subject_id`),
  ADD KEY `class_id` (`class_id`);

--
-- Indexes for table `semester`
--
ALTER TABLE `semester`
  ADD PRIMARY KEY (`id`),
  ADD KEY `subject_id` (`subject_id`);

--
-- Indexes for table `staff`
--
ALTER TABLE `staff`
  ADD PRIMARY KEY (`id`),
  ADD KEY `permission_id` (`permission_id`);

--
-- Indexes for table `status`
--
ALTER TABLE `status`
  ADD PRIMARY KEY (`id`);

--
-- Indexes for table `students`
--
ALTER TABLE `students`
  ADD PRIMARY KEY (`rollno`),
  ADD KEY `class_id` (`class_id`),
  ADD KEY `semester_id` (`semester_id`),
  ADD KEY `status_id` (`status_id`);

--
-- Indexes for table `subclass`
--
ALTER TABLE `subclass`
  ADD KEY `student_rollno` (`student_rollno`),
  ADD KEY `class_id` (`class_id`);

--
-- Indexes for table `subject`
--
ALTER TABLE `subject`
  ADD PRIMARY KEY (`id`),
  ADD KEY `staff_id` (`staff_id`);

--
-- AUTO_INCREMENT for dumped tables
--

--
-- AUTO_INCREMENT for table `attendance`
--
ALTER TABLE `attendance`
  MODIFY `id` int(11) NOT NULL AUTO_INCREMENT;

--
-- AUTO_INCREMENT for table `booking`
--
ALTER TABLE `booking`
  MODIFY `id` int(11) NOT NULL AUTO_INCREMENT;

--
-- AUTO_INCREMENT for table `class`
--
ALTER TABLE `class`
  MODIFY `id` int(11) NOT NULL AUTO_INCREMENT, AUTO_INCREMENT=5;

--
-- AUTO_INCREMENT for table `mark`
--
ALTER TABLE `mark`
  MODIFY `id` int(11) NOT NULL AUTO_INCREMENT, AUTO_INCREMENT=321;

--
-- AUTO_INCREMENT for table `notifications`
--
ALTER TABLE `notifications`
  MODIFY `id` int(11) NOT NULL AUTO_INCREMENT;

--
-- AUTO_INCREMENT for table `permission`
--
ALTER TABLE `permission`
  MODIFY `id` int(11) NOT NULL AUTO_INCREMENT, AUTO_INCREMENT=4;

--
-- AUTO_INCREMENT for table `schedule`
--
ALTER TABLE `schedule`
  MODIFY `id` int(11) NOT NULL AUTO_INCREMENT, AUTO_INCREMENT=33;

--
-- AUTO_INCREMENT for table `semester`
--
ALTER TABLE `semester`
  MODIFY `id` int(11) NOT NULL AUTO_INCREMENT, AUTO_INCREMENT=15;

--
-- AUTO_INCREMENT for table `staff`
--
ALTER TABLE `staff`
  MODIFY `id` int(11) NOT NULL AUTO_INCREMENT, AUTO_INCREMENT=14;

--
-- AUTO_INCREMENT for table `status`
--
ALTER TABLE `status`
  MODIFY `id` int(11) NOT NULL AUTO_INCREMENT, AUTO_INCREMENT=6;

--
-- AUTO_INCREMENT for table `subject`
--
ALTER TABLE `subject`
  MODIFY `id` int(11) NOT NULL AUTO_INCREMENT, AUTO_INCREMENT=9;

--
-- Constraints for dumped tables
--

--
-- Constraints for table `attendance`
--
ALTER TABLE `attendance`
  ADD CONSTRAINT `attendance_ibfk_1` FOREIGN KEY (`booking_id`) REFERENCES `booking` (`id`);

--
-- Constraints for table `booking`
--
ALTER TABLE `booking`
  ADD CONSTRAINT `booking_ibfk_1` FOREIGN KEY (`schedule_id`) REFERENCES `schedule` (`id`);

--
-- Constraints for table `class`
--
ALTER TABLE `class`
  ADD CONSTRAINT `class_ibfk_1` FOREIGN KEY (`staff_id`) REFERENCES `staff` (`id`);

--
-- Constraints for table `mark`
--
ALTER TABLE `mark`
  ADD CONSTRAINT `mark_ibfk_1` FOREIGN KEY (`student_rollno`) REFERENCES `students` (`rollno`),
  ADD CONSTRAINT `mark_ibfk_2` FOREIGN KEY (`subject_id`) REFERENCES `subject` (`id`);

--
-- Constraints for table `notifications`
--
ALTER TABLE `notifications`
  ADD CONSTRAINT `notifications_ibfk_1` FOREIGN KEY (`staff_id`) REFERENCES `staff` (`id`);

--
-- Constraints for table `schedule`
--
ALTER TABLE `schedule`
  ADD CONSTRAINT `schedule_ibfk_1` FOREIGN KEY (`subject_id`) REFERENCES `subject` (`id`),
  ADD CONSTRAINT `schedule_ibfk_2` FOREIGN KEY (`class_id`) REFERENCES `class` (`id`);

--
-- Constraints for table `semester`
--
ALTER TABLE `semester`
  ADD CONSTRAINT `semester_ibfk_1` FOREIGN KEY (`subject_id`) REFERENCES `subject` (`id`);

--
-- Constraints for table `staff`
--
ALTER TABLE `staff`
  ADD CONSTRAINT `staff_ibfk_1` FOREIGN KEY (`permission_id`) REFERENCES `permission` (`id`);

--
-- Constraints for table `students`
--
ALTER TABLE `students`
  ADD CONSTRAINT `students_ibfk_1` FOREIGN KEY (`class_id`) REFERENCES `class` (`id`),
  ADD CONSTRAINT `students_ibfk_2` FOREIGN KEY (`semester_id`) REFERENCES `semester` (`id`),
  ADD CONSTRAINT `students_ibfk_3` FOREIGN KEY (`status_id`) REFERENCES `status` (`id`);

--
-- Constraints for table `subclass`
--
ALTER TABLE `subclass`
  ADD CONSTRAINT `subclass_ibfk_1` FOREIGN KEY (`student_rollno`) REFERENCES `students` (`rollno`),
  ADD CONSTRAINT `subclass_ibfk_2` FOREIGN KEY (`class_id`) REFERENCES `class` (`id`);

--
-- Constraints for table `subject`
--
ALTER TABLE `subject`
  ADD CONSTRAINT `subject_ibfk_1` FOREIGN KEY (`staff_id`) REFERENCES `staff` (`id`);
COMMIT;

/*!40101 SET CHARACTER_SET_CLIENT=@OLD_CHARACTER_SET_CLIENT */;
/*!40101 SET CHARACTER_SET_RESULTS=@OLD_CHARACTER_SET_RESULTS */;
/*!40101 SET COLLATION_CONNECTION=@OLD_COLLATION_CONNECTION */;
